{"name":"a3f0f1c3-1dd4-4f0d-b63c-ff28c9193073","id":"/providers/Microsoft.Flow/flows/a3f0f1c3-1dd4-4f0d-b63c-ff28c9193073","type":"Microsoft.Flow/flows","properties":{"apiId":"/providers/Microsoft.PowerApps/apis/shared_logicflows","displayName":"Automatic Out-Of-Office Notifications","definition":{"metadata":{"workflowEntityId":null,"processAdvisorMetadata":null,"flowclientsuspensionreason":"None","flowclientsuspensiontime":null,"creator":{"id":"7b78a77b-28fe-4d9d-9114-0df3c5e4653c","type":"User","tenantId":"f9b2412d-070d-48b1-9119-58332bb7cfcc"},"provisioningMethod":"FromDefinition","failureAlertSubscription":true,"clientLastModifiedTime":"2022-03-31T07:57:41.1959578Z"},"$schema":"https://schema.management.azure.com/providers/Microsoft.Logic/schemas/2016-06-01/workflowdefinition.json#","contentVersion":"1.0.0.0","parameters":{"$connections":{"defaultValue":{},"type":"Object"},"$authentication":{"defaultValue":{},"type":"SecureObject"}},"triggers":{"Recurrence":{"recurrence":{"frequency":"Day","interval":1,"timeZone":"W. Europe Standard Time","startTime":"2021-05-18T22:00:00.000Z","schedule":{"hours":["7","8","9","10","11","12","13","14","15","16","17"]}},"metadata":{"operationMetadataId":"9c429d4b-2dbc-49a9-880a-b0de5104cefe"},"type":"Recurrence","description":"Determines the regularity with which the flow is executed."}},"actions":{"Get_my_inbox_information":{"runAfter":{"Get_profile_information_of_my_superior":["Succeeded"]},"metadata":{"operationMetadataId":"c741dda2-b761-4e66-b370-27bc24fb17c1"},"type":"OpenApiConnection","inputs":{"host":{"apiId":"/providers/Microsoft.PowerApps/apis/shared_office365","connectionName":"shared_office365","operationId":"GetMailTips_V2"},"parameters":{"body/EmailAddresses":"@array(outputs('Get_my_profile_information')?['body/mail'])"},"authentication":"@parameters('$authentication')"},"description":"Gets the data about your inbox to check later if automatic out-of-office notifications are already active."},"Get_my_profile_information":{"runAfter":{},"metadata":{"operationMetadataId":"785bfc75-5b10-4857-9049-3bfbc7bda3f4"},"type":"OpenApiConnection","inputs":{"host":{"apiId":"/providers/Microsoft.PowerApps/apis/shared_office365users","connectionName":"shared_office365users","operationId":"MyProfile_V2"},"parameters":{},"authentication":"@parameters('$authentication')"},"description":"Retrieves the data about you to have it ready later in the out-of-office notification."},"Get_profile_information_of_my_superior":{"runAfter":{"Get_my_profile_information":["Succeeded"]},"metadata":{"operationMetadataId":"30a0e76d-8580-442a-86e4-fd9c4ee0b33f"},"type":"OpenApiConnection","inputs":{"host":{"apiId":"/providers/Microsoft.PowerApps/apis/shared_office365users","connectionName":"shared_office365users","operationId":"Manager_V2"},"parameters":{"id":"@outputs('Get_my_profile_information')?['body/userPrincipalName']"},"authentication":"@parameters('$authentication')"},"description":"Retrieves the data about your supervisor to have it ready later in the out-of-office notification"},"Initialize_an_object_for_automatic_out-of-office_notifications":{"runAfter":{"Get_my_inbox_information":["Succeeded"]},"metadata":{"operationMetadataId":"4d8bc02b-430e-43af-9012-a5cffa76d7b0"},"type":"InitializeVariable","inputs":{"variables":[{"name":"automaticReplyObject","type":"object"}]},"description":"A variable that is needed to store a current out-of-office notification that maybe exists."},"Get_current_out-of-office_notification":{"foreach":"@outputs('Get_my_inbox_information')?['body/value']","actions":{"Assign_out-of-office_notification":{"runAfter":{},"metadata":{"operationMetadataId":"9203809d-2dee-418b-8da3-faf782a1dcc0"},"type":"SetVariable","inputs":{"name":"automaticReplyObject","value":"@items('Get_current_out-of-office_notification')?['automaticReplies']"}}},"runAfter":{"Initialize_an_object_for_automatic_out-of-office_notifications":["Succeeded"]},"metadata":{"operationMetadataId":"42c8485b-010b-4f24-8f1c-0daa72334514"},"type":"Foreach","description":"The current out-of-office notification is stored in the corresponding variable."},"Check,_if_automatic_out-of-office_notification_are_already_active":{"actions":{},"runAfter":{"Get_current_out-of-office_notification":["Succeeded"]},"else":{"actions":{"Get_upcoming_calendar_events_marked_as_oof":{"runAfter":{},"metadata":{"operationMetadataId":"00149bc9-3fb9-41d8-88ea-01739aebae5b"},"type":"OpenApiConnection","inputs":{"host":{"apiId":"/providers/Microsoft.PowerApps/apis/shared_office365","connectionName":"shared_office365","operationId":"V4CalendarGetItems"},"parameters":{"table":"AAMkADI4ZmNlMDNhLTYwMmUtNDUwNi1iMjcyLWQxMWZjYzQ0OGVlNABGAAAAAACqIv3UsQFVTaZot8JDSUgvBwCwvJI_TiAVToFQwDSC_qgKAAAAAAEGAAB79FATTTPSTL2yXfjc30jiAAAZLketAAA=","$filter":"showAs eq 'oof' and start/DateTime gt '@{convertFromUtc(utcNow(), 'W. Europe Standard Time')}'","$orderby":"start/DateTime asc"},"authentication":"@parameters('$authentication')"},"description":"Returns an array of all upcoming calendar events that are set to show as 'out-of-office'. The first element of the array is the next upcoming calender event, since the array is sorted in ascending order by the start date."},"Check,_if_there_are_any_upcoming_calendar_events_marked_as_oof":{"actions":{},"runAfter":{"Get_upcoming_calendar_events_marked_as_oof":["Succeeded"]},"else":{"actions":{"Check,_if_the_upcoming_calendar_event_is_marked_as_all_day":{"actions":{"Set_automatic_replies_for_all_day_long_calendar_events":{"runAfter":{},"metadata":{"operationMetadataId":"e07dee9d-4a76-499f-88cb-8a09b6224704"},"type":"OpenApiConnection","inputs":{"host":{"apiId":"/providers/Microsoft.PowerApps/apis/shared_office365","connectionName":"shared_office365","operationId":"SetAutomaticRepliesSetting_V2"},"parameters":{"body/automaticRepliesSetting/status":"Scheduled","body/automaticRepliesSetting/externalAudience":"All","body/automaticRepliesSetting/scheduledStartDateTime/dateTime":"@first(body('Get_upcoming_calendar_events_marked_as_oof')?['Value'])?['start']","body/automaticRepliesSetting/scheduledStartDateTime/timeZone":"W. Europe Standard Time","body/automaticRepliesSetting/scheduledEndDateTime/dateTime":"@first(body('Get_upcoming_calendar_events_marked_as_oof')?['Value'])?['end']","body/automaticRepliesSetting/scheduledEndDateTime/timeZone":"W. Europe Standard Time","body/automaticRepliesSetting/internalReplyMessage":"Vielen Dank für Ihre Nachricht. Ich bin zur Zeit nicht im Büro. Diese Mail wird N I C H T weitergeleitet und erst nach meiner Rückkehr von mir bearbeitet.\n<br>\nZeitraum der Abwesenheit:\n@{formatDateTime(first(body('Get_upcoming_calendar_events_marked_as_oof')?['Value'])?['start'], 'dd.MM.yyyy HH:mm')} - @{formatDateTime(first(body('Get_upcoming_calendar_events_marked_as_oof')?['Value'])?['end'], 'dd.MM.yyyy HH:mm')}\n<br>\nIn dringenden Fällen leiten Sie Ihre Anfrage bitte an meine Vertretung weiter: \n<br>\n@{outputs('Get_profile_information_of_my_superior')?['body/givenName']} @{outputs('Get_profile_information_of_my_superior')?['body/surname']}\n<br>\n@{outputs('Get_profile_information_of_my_superior')?['body/mail']}\n<br>\n<br>\n_______________________________________________________________________________________________ \n<br>\n<br>\nThank you very much for your email. I am currently not in the office. This email will NOT be forwarded and only be attended to when I return.\n<br>\nDuration of absence:\n@{formatDateTime(first(body('Get_upcoming_calendar_events_marked_as_oof')?['Value'])?['start'], 'MM/dd/yyyy hh:mm tt')} - @{formatDateTime(first(body('Get_upcoming_calendar_events_marked_as_oof')?['Value'])?['end'], 'MM/dd/yyyy hh:mm tt')}\n<br>\nIn urgent cases please send your request to my substitute:\n<br>\n@{outputs('Get_profile_information_of_my_superior')?['body/givenName']} @{outputs('Get_profile_information_of_my_superior')?['body/surname']}\n<br>\n@{outputs('Get_profile_information_of_my_superior')?['body/mail']}\n<br>\n<br>\nMit freundlichen Grüßen\nKind regards\n<br>\n<b>@{outputs('Get_my_profile_information')?['body/givenName']} @{outputs('Get_my_profile_information')?['body/surname']}</b>\n<br>\n@{outputs('Get_my_profile_information')?['body/mail']}\n<br>\n@{outputs('Get_my_profile_information')?['body/mobilePhone']}\n<br>","body/automaticRepliesSetting/externalReplyMessage":"Vielen Dank für Ihre Nachricht. Ich bin zur Zeit nicht im Büro. Diese Mail wird N I C H T weitergeleitet und erst nach meiner Rückkehr von mir bearbeitet.\n<br>\nZeitraum der Abwesenheit:\n@{formatDateTime(first(body('Get_upcoming_calendar_events_marked_as_oof')?['Value'])?['start'], 'dd.MM.yyyy HH:mm')} - @{formatDateTime(first(body('Get_upcoming_calendar_events_marked_as_oof')?['Value'])?['end'], 'dd.MM.yyyy HH:mm')}\n<br>\nIn dringenden Fällen leiten Sie Ihre Anfrage bitte an meine Vertretung weiter: \n<br>\n@{outputs('Get_profile_information_of_my_superior')?['body/givenName']} @{outputs('Get_profile_information_of_my_superior')?['body/surname']}\n<br>\n@{outputs('Get_profile_information_of_my_superior')?['body/mail']}\n<br>\n<br>\n_______________________________________________________________________________________________ \n<br>\n<br>\nThank you very much for your email. I am currently not in the office. This email will NOT be forwarded and only be attended to when I return.\n<br>\nDuration of absence:\n@{formatDateTime(first(body('Get_upcoming_calendar_events_marked_as_oof')?['Value'])?['start'], 'MM/dd/yyyy hh:mm tt')} - @{formatDateTime(first(body('Get_upcoming_calendar_events_marked_as_oof')?['Value'])?['end'], 'MM/dd/yyyy hh:mm tt')}\n<br>\nIn urgent cases please send your request to my substitute:\n<br>\n@{outputs('Get_profile_information_of_my_superior')?['body/givenName']} @{outputs('Get_profile_information_of_my_superior')?['body/surname']}\n<br>\n@{outputs('Get_profile_information_of_my_superior')?['body/mail']}\n<br>\n<br>\nMit freundlichen Grüßen\nKind regards\n<br>\n<b>@{outputs('Get_my_profile_information')?['body/givenName']} @{outputs('Get_my_profile_information')?['body/surname']}</b>\n<br>\n@{outputs('Get_my_profile_information')?['body/mail']}\n<br>\n@{outputs('Get_my_profile_information')?['body/mobilePhone']}\n<br>"},"authentication":"@parameters('$authentication')"},"description":"The automatic replies for internal and external contacts are set for all day long calendar events. There is no conversion of the start and end time needed.."}},"runAfter":{},"else":{"actions":{"Convert_calendar_event_start":{"runAfter":{},"metadata":{"operationMetadataId":"5c049dc1-26b1-4eb9-bc75-406602222cc8"},"type":"Expression","kind":"ConvertTimeZone","inputs":{"baseTime":"@{formatDateTime(first(body('Get_upcoming_calendar_events_marked_as_oof')?['Value'])?['start'])}","formatString":"g","sourceTimeZone":"UTC","destinationTimeZone":"W. Europe Standard Time"},"description":"The calender event start is converted to the targeted time zone."},"Convert_calendar_event_end":{"runAfter":{"Convert_calendar_event_start":["Succeeded"]},"metadata":{"operationMetadataId":"9af46981-fa99-4387-b6f4-47dce7de035b"},"type":"Expression","kind":"ConvertTimeZone","inputs":{"baseTime":"@{formatDateTime(first(body('Get_upcoming_calendar_events_marked_as_oof')?['Value'])?['end'])}","formatString":"g","sourceTimeZone":"UTC","destinationTimeZone":"W. Europe Standard Time"},"description":"The calender event end is converted to the targeted time zone."},"Set_automatic_replies_for_specific_timed_calendar_events":{"runAfter":{"Convert_calendar_event_end":["Succeeded"]},"metadata":{"operationMetadataId":"e07dee9d-4a76-499f-88cb-8a09b6224704"},"type":"OpenApiConnection","inputs":{"host":{"apiId":"/providers/Microsoft.PowerApps/apis/shared_office365","connectionName":"shared_office365","operationId":"SetAutomaticRepliesSetting_V2"},"parameters":{"body/automaticRepliesSetting/status":"Scheduled","body/automaticRepliesSetting/externalAudience":"All","body/automaticRepliesSetting/scheduledStartDateTime/dateTime":"@body('Convert_calendar_event_start')","body/automaticRepliesSetting/scheduledStartDateTime/timeZone":"W. Europe Standard Time","body/automaticRepliesSetting/scheduledEndDateTime/dateTime":"@body('Convert_calendar_event_end')","body/automaticRepliesSetting/scheduledEndDateTime/timeZone":"W. Europe Standard Time","body/automaticRepliesSetting/internalReplyMessage":"Vielen Dank für Ihre Nachricht. Ich bin zur Zeit nicht im Büro. Diese Mail wird N I C H T weitergeleitet und erst nach meiner Rückkehr von mir bearbeitet.\n<br>\nZeitraum der Abwesenheit:\n@{formatDateTime(body('Convert_calendar_event_start'), 'dd.MM.yyyy HH:mm')} - @{formatDateTime(body('Convert_calendar_event_end'), 'dd.MM.yyyy HH:mm')}\n<br>\nIn dringenden Fällen leiten Sie Ihre Anfrage bitte an meine Vertretung weiter: \n<br>\n@{outputs('Get_profile_information_of_my_superior')?['body/givenName']} @{outputs('Get_profile_information_of_my_superior')?['body/surname']}\n<br>\n@{outputs('Get_profile_information_of_my_superior')?['body/mail']}\n<br>\n<br>\n_______________________________________________________________________________________________ \n<br>\n<br>\nThank you very much for your email. I am currently not in the office. This email will NOT be forwarded and only be attended to when I return.\n<br>\nDuration of absence:\n@{formatDateTime(body('Convert_calendar_event_start'), 'MM/dd/yyyy hh:mm tt')} - @{formatDateTime(body('Convert_calendar_event_end'), 'MM/dd/yyyy hh:mm tt')}\n<br>\nIn urgent cases please send your request to my substitute:\n<br>\n@{outputs('Get_profile_information_of_my_superior')?['body/givenName']} @{outputs('Get_profile_information_of_my_superior')?['body/surname']}\n<br>\n@{outputs('Get_profile_information_of_my_superior')?['body/mail']}\n<br>\n<br>\nMit freundlichen Grüßen\nKind regards\n<br>\n<b>@{outputs('Get_my_profile_information')?['body/givenName']} @{outputs('Get_my_profile_information')?['body/surname']}</b>\n<br>\n@{outputs('Get_my_profile_information')?['body/mail']}\n<br>\n@{outputs('Get_my_profile_information')?['body/mobilePhone']}\n<br>","body/automaticRepliesSetting/externalReplyMessage":"Vielen Dank für Ihre Nachricht. Ich bin zur Zeit nicht im Büro. Diese Mail wird N I C H T weitergeleitet und erst nach meiner Rückkehr von mir bearbeitet.\n<br>\nZeitraum der Abwesenheit:\n@{formatDateTime(body('Convert_calendar_event_start'), 'dd.MM.yyyy HH:mm')} - @{formatDateTime(body('Convert_calendar_event_end'), 'dd.MM.yyyy HH:mm')}\n<br>\nIn dringenden Fällen leiten Sie Ihre Anfrage bitte an meine Vertretung weiter: \n<br>\n@{outputs('Get_profile_information_of_my_superior')?['body/givenName']} @{outputs('Get_profile_information_of_my_superior')?['body/surname']}\n<br>\n@{outputs('Get_profile_information_of_my_superior')?['body/mail']}\n<br>\n<br>\n_______________________________________________________________________________________________ \n<br>\n<br>\nThank you very much for your email. I am currently not in the office. This email will NOT be forwarded and only be attended to when I return.\n<br>\nDuration of absence:\n@{formatDateTime(body('Convert_calendar_event_start'), 'MM/dd/yyyy hh:mm tt')} - @{formatDateTime(body('Convert_calendar_event_end'), 'MM/dd/yyyy hh:mm tt')}\n<br>\nIn urgent cases please send your request to my substitute:\n<br>\n@{outputs('Get_profile_information_of_my_superior')?['body/givenName']} @{outputs('Get_profile_information_of_my_superior')?['body/surname']}\n<br>\n@{outputs('Get_profile_information_of_my_superior')?['body/mail']}\n<br>\n<br>\nMit freundlichen Grüßen\nKind regards\n<br>\n<b>@{outputs('Get_my_profile_information')?['body/givenName']} @{outputs('Get_my_profile_information')?['body/surname']}</b>\n<br>\n@{outputs('Get_my_profile_information')?['body/mail']}\n<br>\n@{outputs('Get_my_profile_information')?['body/mobilePhone']}\n<br>"},"authentication":"@parameters('$authentication')"},"description":"The automatic replies for internal and external contacts are set for specific timed calendar events. A conversion of the start and end time to the targeted time zone is needed (see the previous actions)."}}},"expression":{"equals":["@first(body('Get_upcoming_calendar_events_marked_as_oof')?['Value'])?['isAllDay']","@true"]},"metadata":{"operationMetadataId":"f38902bb-cd9c-414b-9f75-06da6e022f67"},"type":"If","description":"In order to set the correct start and end time for the out-of-office notifications a differentiation between calendar events that are all day long and those that aren't has to be made. Only Bill Gates himself knows why."}}},"expression":{"equals":["@empty(first(body('Get_upcoming_calendar_events_marked_as_oof')?['Value'])?['start'])","@true"]},"metadata":{"operationMetadataId":"83198d91-e19f-4e7a-b39b-c4c941c5fe78"},"type":"If","description":"If there is no upcoming calendar event marked as out-of-office, the corresponding value will be empty. No out-of-office notification will be set."}}},"expression":{"equals":["@empty(variables('automaticReplyObject'))","@false"]},"metadata":{"operationMetadataId":"5ced3634-d5a2-4acb-a799-264ef5e764ee"},"type":"If","description":"If there is no out-of-office notification, the object in the corresponding variable will be empty."}}},"connectionReferences":{"shared_office365":{"connectionName":"5db6c360968a44739c6177dd1d6234a1","source":"Embedded","id":"/providers/Microsoft.PowerApps/apis/shared_office365","tier":"NotSpecified"},"shared_office365users":{"connectionName":"shared-office365user-e2052805-f126-4536-8a02-8e25-08cde77b","source":"Embedded","id":"/providers/Microsoft.PowerApps/apis/shared_office365users","tier":"NotSpecified"}},"flowFailureAlertSubscribed":false}}