{"name":"f21ed313-57a0-4fde-8df6-6a083822111a","id":"/providers/Microsoft.Flow/flows/f21ed313-57a0-4fde-8df6-6a083822111a","type":"Microsoft.Flow/flows","properties":{"apiId":"/providers/Microsoft.PowerApps/apis/shared_logicflows","displayName":"Automatic Booking of Hours","definition":{"metadata":{"workflowEntityId":null,"processAdvisorMetadata":null,"flowclientsuspensionreason":"None","flowclientsuspensiontime":null,"flowclientsuspensionreasondetails":null,"creator":{"id":"16f2c3b4-4b15-45e6-86af-63219859b099","type":"User","tenantId":"f9b2412d-070d-48b1-9119-58332bb7cfcc"},"provisioningMethod":"FromDefinition","failureAlertSubscription":true,"clientLastModifiedTime":"2022-08-17T11:34:05.9392217Z"},"$schema":"https://schema.management.azure.com/providers/Microsoft.Logic/schemas/2016-06-01/workflowdefinition.json#","contentVersion":"1.0.0.0","parameters":{"$connections":{"defaultValue":{},"type":"Object"},"$authentication":{"defaultValue":{},"type":"SecureObject"}},"triggers":{"manual":{"metadata":{"operationMetadataId":"611207d5-0ba3-4ea9-94aa-e9c2e220f3ac"},"type":"Request","kind":"Button","inputs":{"schema":{"type":"object","properties":{},"required":[]},"headersSchema":{"x-ms-user-email-encoded":{"title":"User email","type":"string","format":"byte","x-ms-dynamically-added":false}}}}},"actions":{"Get_Calendar":{"runAfter":{},"metadata":{"operationMetadataId":"af2d5ea7-92e3-4ad9-bfe2-3b63a65e0a5d"},"type":"OpenApiConnection","inputs":{"host":{"apiId":"/providers/Microsoft.PowerApps/apis/shared_office365","connectionName":"shared_office365","operationId":"CalendarGetTables_V2"},"parameters":{},"authentication":{"value":"@json(decodeBase64(triggerOutputs().headers['X-MS-APIM-Tokens']))['$ConnectionKey']","type":"Raw"}}},"Initialize_day_variable":{"runAfter":{"Initialize_appointment_variable":["Succeeded"]},"metadata":{"operationMetadataId":"1e950ff4-2d61-44df-a623-58d5d78f48fa"},"type":"InitializeVariable","inputs":{"variables":[{"name":"day","type":"string","value":"@{formatDateTime(utcNow(),'yyyy-MM-dd')}"}]}},"Initialize_name_variable":{"runAfter":{"Initialize_category_variable":["Succeeded"]},"metadata":{"operationMetadataId":"994c083b-99ac-4b3f-98c2-2990c940737d"},"type":"InitializeVariable","inputs":{"variables":[{"name":"name","type":"string"}]}},"Initialize_starttime_variable":{"runAfter":{"Initialize_name_variable":["Succeeded"]},"metadata":{"operationMetadataId":"c009676d-d294-4d74-9cec-51c2ce6f2206"},"type":"InitializeVariable","inputs":{"variables":[{"name":"starttime","type":"string"}]}},"Initialize_endtime_variable":{"runAfter":{"Initialize_starttime_variable":["Succeeded"]},"metadata":{"operationMetadataId":"478b8607-5b25-4fa7-81ae-a3786eeb2957"},"type":"InitializeVariable","inputs":{"variables":[{"name":"endtime","type":"string"}]}},"Get_calendar_view_of_appointments":{"runAfter":{"Initialize_endtime_variable":["Succeeded"]},"metadata":{"operationMetadataId":"b4168801-0cf0-4c63-9b13-db48ed88dcc8"},"type":"OpenApiConnection","inputs":{"host":{"apiId":"/providers/Microsoft.PowerApps/apis/shared_office365","connectionName":"shared_office365","operationId":"GetEventsCalendarViewV3"},"parameters":{"calendarId":"AQMkADNlYTA3MjUzLWQzNGYtNGQ3ZS04MmVmLTEyNjI5MTQyZjZmNwBGAAAD6rjAWPylyUyDM3DyACiWpgcAGRanAHUSqki5SYPvXwcygQAAAgEGAAAAGRanAHUSqki5SYPvXwcygQAAAqf9AAAA","startDateTimeUtc":"@{variables('day')}T00:00:00","endDateTimeUtc":"@{variables('day')}T23:59:59"},"authentication":{"value":"@json(decodeBase64(triggerOutputs().headers['X-MS-APIM-Tokens']))['$ConnectionKey']","type":"Raw"}}},"For_each_appointment_of_the_current_day":{"foreach":"@outputs('Get_calendar_view_of_appointments')?['body/value']","actions":{"Set_category_variable":{"runAfter":{},"metadata":{"operationMetadataId":"39a40a4b-c7a3-4742-8f0b-08c789624b0f"},"type":"SetVariable","inputs":{"name":"category","value":"@{items('For_each_appointment_of_the_current_day')?['categories']}"}},"Set_name_variable":{"runAfter":{"Configure_category_variable_3":["Succeeded"]},"metadata":{"operationMetadataId":"bd6035ad-e305-49c7-992f-53ff138ca807"},"type":"SetVariable","inputs":{"name":"name","value":"@items('For_each_appointment_of_the_current_day')?['subject']"}},"Set_starttime_variable":{"runAfter":{"Set_name_variable":["Succeeded"]},"metadata":{"operationMetadataId":"36302adf-76a8-49b3-94ad-d65ec452a9f0"},"type":"SetVariable","inputs":{"name":"starttime","value":"@items('For_each_appointment_of_the_current_day')?['start']"}},"Set_endtime_variable":{"runAfter":{"Set_starttime_variable":["Succeeded"]},"metadata":{"operationMetadataId":"0b087987-410d-4cf2-9626-a345443958e6"},"type":"SetVariable","inputs":{"name":"endtime","value":"@items('For_each_appointment_of_the_current_day')?['end']"}},"Convert_time_zone_starttime":{"runAfter":{"Set_endtime_variable":["Succeeded"]},"metadata":{"operationMetadataId":"d4c98455-137d-4ed5-91ba-a70c44248dc9"},"type":"Expression","kind":"ConvertTimeZone","inputs":{"baseTime":"@variables('starttime')","formatString":"r","sourceTimeZone":"UTC","destinationTimeZone":"W. Europe Standard Time"}},"Convert_time_zone_endtime":{"runAfter":{"Convert_time_zone_starttime":["Succeeded"]},"metadata":{"operationMetadataId":"769b1a06-92b0-48d7-9ee2-2218d7013b41"},"type":"Expression","kind":"ConvertTimeZone","inputs":{"baseTime":"@variables('endtime')","formatString":"r","sourceTimeZone":"UTC","destinationTimeZone":"W. Europe Standard Time"}},"Configure_category_variable_1":{"runAfter":{"Set_category_variable":["Succeeded"]},"metadata":{"operationMetadataId":"259a6a38-9afc-4d5a-8820-30ffddee982d"},"type":"Compose","inputs":"@substring(variables('category'),0,sub(length(variables('category')),2))"},"Configure_category_variable_2":{"runAfter":{"Configure_category_variable_1":["Succeeded"]},"metadata":{"operationMetadataId":"4ac94b36-851d-4d38-9d80-560283fd8fa7"},"type":"Compose","inputs":"@substring(outputs('Configure_category_variable_1'),2,sub(length(outputs('Configure_category_variable_1')),2))"},"Configure_category_variable_3":{"runAfter":{"Configure_category_variable_2":["Succeeded"]},"metadata":{"operationMetadataId":"20e83bfc-936e-4acb-970a-e9ba00a8a23a"},"type":"Compose","inputs":"@split(outputs('Configure_category_variable_2'), '-')[1]"},"Set_appointment_variable":{"runAfter":{"Convert_time_zone_endtime":["Succeeded"]},"metadata":{"operationMetadataId":"a13a7e5c-0070-4c14-94ed-07ceff69bbb6"},"type":"AppendToStringVariable","inputs":{"name":"appointment","value":"Name: @{variables('name')}, Category ID: @{outputs('Configure_category_variable_3')}, Starttime:  @{body('Convert_time_zone_starttime')}, Endtime: @{body('Convert_time_zone_endtime')};"}}},"runAfter":{"Get_calendar_view_of_appointments":["Succeeded"]},"metadata":{"operationMetadataId":"a2faa933-cb1b-4519-ad25-5b6fb8c20846"},"type":"Foreach"},"Initialize_appointment_variable":{"runAfter":{"Get_Calendar":["Succeeded"]},"metadata":{"operationMetadataId":"f3601957-47bf-4697-93df-51cc026c3483"},"type":"InitializeVariable","inputs":{"variables":[{"name":"appointment","type":"string"}]}},"Initialize_category_variable":{"runAfter":{"Initialize_day_variable":["Succeeded"]},"metadata":{"operationMetadataId":"f07d7737-ce63-4b9a-9901-f86d11e685cd"},"type":"InitializeVariable","inputs":{"variables":[{"name":"category","type":"string"}]}},"Send_email":{"runAfter":{"For_each_appointment_of_the_current_day":["Succeeded"]},"metadata":{"operationMetadataId":"dcc3330e-9480-47b4-8462-a859b3212b9c"},"type":"OpenApiConnection","inputs":{"host":{"apiId":"/providers/Microsoft.PowerApps/apis/shared_office365","connectionName":"shared_office365","operationId":"SendEmailV2"},"parameters":{"emailMessage/To":"@triggerOutputs()['headers']['x-ms-user-email-encoded']","emailMessage/Subject":"Test","emailMessage/Body":"<p>@{variables('appointment')}</p>"},"authentication":{"value":"@json(decodeBase64(triggerOutputs().headers['X-MS-APIM-Tokens']))['$ConnectionKey']","type":"Raw"}}}}},"connectionReferences":{"shared_office365":{"connectionName":"5ad6ba3c1315405ebac107f208612d1d","source":"Invoker","id":"/providers/Microsoft.PowerApps/apis/shared_office365","tier":"NotSpecified"}},"flowFailureAlertSubscribed":false,"isManaged":false}}